﻿{"cameraMode":{"drawMode":0,"name":"Shaded","section":"Shading Mode"},"sceneLighting":true,"audioPlay":false,"sceneViewState":{"showFog":true,"showMaterialUpdate":true,"showSkybox":true,"showFlares":true,"showImageEffects":true,"showParticleSystems":true},"in2DMode":false,"pivot":{"x":1.7034707069396973,"y":2.415062427520752,"z":2.01737117767334},"rotation":{"x":-0.18715257942676545,"y":0.7888318300247192,"z":-0.5082895159721375,"w":-0.2904480993747711},"size":3.9600670337677,"orthographic":false}